dataset,mean_fit_time,std_fit_time,mean_score_time,std_score_time,param_model__criterion,param_model__max_depth,param_model__min_samples_leaf,param_model__min_samples_split,params,split0_test_score,split1_test_score,split2_test_score,split3_test_score,split4_test_score,mean_test_score,std_test_score,rank_test_score
0,0.06645283699035645,0.0025810740977991104,0.00890178680419922,0.0006968638499743145,gini,22,56,20,"OrderedDict([('model__criterion', 'gini'), ('model__max_depth', 22), ('model__min_samples_leaf', 56), ('model__min_samples_split', 20)])",0.801,0.809,0.819,0.83,0.835,0.8188000000000001,0.012655433615645063,34
0,0.07221260070800781,0.003453765025247077,0.008243656158447266,0.001082037641701746,entropy,27,19,57,"OrderedDict([('model__criterion', 'entropy'), ('model__max_depth', 27), ('model__min_samples_leaf', 19), ('model__min_samples_split', 57)])",0.821,0.824,0.822,0.825,0.82,0.8224,0.0018547236990991425,27
0,0.10284395217895508,0.007273358732635133,0.008776664733886719,0.001033848225109888,gini,28,7,27,"OrderedDict([('model__criterion', 'gini'), ('model__max_depth', 28), ('model__min_samples_leaf', 7), ('model__min_samples_split', 27)])",0.794,0.796,0.792,0.806,0.811,0.7998000000000001,0.007386474125047761,47
0,0.05609312057495117,0.003769849055908566,0.01124119758605957,0.0025407695356640513,entropy,6,36,49,"OrderedDict([('model__criterion', 'entropy'), ('model__max_depth', 6), ('model__min_samples_leaf', 36), ('model__min_samples_split', 49)])",0.823,0.825,0.823,0.821,0.828,0.8240000000000001,0.0023664319132398483,16
0,0.08243293762207031,0.007965232201354602,0.009537315368652344,0.002426907407040146,entropy,14,32,44,"OrderedDict([('model__criterion', 'entropy'), ('model__max_depth', 14), ('model__min_samples_leaf', 32), ('model__min_samples_split', 44)])",0.819,0.821,0.826,0.824,0.819,0.8218,0.0027856776554368266,31
0,0.10232501029968262,0.004249911091500632,0.00777130126953125,0.0001406196255969035,entropy,28,11,13,"OrderedDict([('model__criterion', 'entropy'), ('model__max_depth', 28), ('model__min_samples_leaf', 11), ('model__min_samples_split', 13)])",0.81,0.803,0.798,0.785,0.786,0.7964,0.009687104830649875,48
0,0.07792859077453614,0.0028050657973386953,0.008124208450317383,0.0008754904050285669,entropy,23,22,53,"OrderedDict([('model__criterion', 'entropy'), ('model__max_depth', 23), ('model__min_samples_leaf', 22), ('model__min_samples_split', 53)])",0.825,0.817,0.828,0.823,0.823,0.8231999999999999,0.003600000000000003,19
0,0.07778759002685547,0.007359672027051018,0.009499168395996094,0.0009773735267949875,entropy,28,30,51,"OrderedDict([('model__criterion', 'entropy'), ('model__max_depth', 28), ('model__min_samples_leaf', 30), ('model__min_samples_split', 51)])",0.826,0.821,0.829,0.824,0.818,0.8235999999999999,0.0038262252939418014,17
0,0.07008700370788574,0.003844094072882309,0.00972442626953125,0.002056599384168874,entropy,21,52,26,"OrderedDict([('model__criterion', 'entropy'), ('model__max_depth', 21), ('model__min_samples_leaf', 52), ('model__min_samples_split', 26)])",0.816,0.811,0.817,0.828,0.822,0.8187999999999999,0.005775811631277435,35
0,0.07175979614257813,0.00867325847685946,0.008638477325439453,0.0009678152325615494,gini,25,45,17,"OrderedDict([('model__criterion', 'gini'), ('model__max_depth', 25), ('model__min_samples_leaf', 45), ('model__min_samples_split', 17)])",0.812,0.822,0.823,0.838,0.839,0.8268000000000001,0.010303397497912984,2
0,0.06416506767272949,0.003045615397578291,0.009076547622680665,0.0014520156348667844,gini,12,49,60,"OrderedDict([('model__criterion', 'gini'), ('model__max_depth', 12), ('model__min_samples_leaf', 49), ('model__min_samples_split', 60)])",0.809,0.815,0.818,0.833,0.835,0.8220000000000001,0.010237187113655764,29
0,0.046331596374511716,0.002603546373963998,0.008907032012939454,0.0011360989722507633,gini,5,41,2,"OrderedDict([('model__criterion', 'gini'), ('model__max_depth', 5), ('model__min_samples_leaf', 41), ('model__min_samples_split', 2)])",0.815,0.823,0.824,0.831,0.84,0.8266,0.008404760555780285,3
0,0.06194906234741211,0.0061868542336554295,0.009785223007202148,0.0037079746955338694,entropy,23,60,60,"OrderedDict([('model__criterion', 'entropy'), ('model__max_depth', 23), ('model__min_samples_leaf', 60), ('model__min_samples_split', 60)])",0.818,0.8,0.819,0.812,0.825,0.8148,0.00847112743381891,38
0,0.07381019592285157,0.001241417776089976,0.00784444808959961,0.00047335833884028954,gini,17,27,60,"OrderedDict([('model__criterion', 'gini'), ('model__max_depth', 17), ('model__min_samples_leaf', 27), ('model__min_samples_split', 60)])",0.819,0.818,0.827,0.837,0.823,0.8248000000000001,0.006881860213634107,12
0,0.041375017166137694,0.0039363146624655605,0.008291006088256836,0.00039799872614982223,entropy,4,52,2,"OrderedDict([('model__criterion', 'entropy'), ('model__max_depth', 4), ('model__min_samples_leaf', 52), ('model__min_samples_split', 2)])",0.818,0.804,0.815,0.823,0.823,0.8166,0.007002856560004604,37
0,0.08927617073059083,0.005153915494831724,0.010281229019165039,0.0018970430712241554,entropy,12,1,60,"OrderedDict([('model__criterion', 'entropy'), ('model__max_depth', 12), ('model__min_samples_leaf', 1), ('model__min_samples_split', 60)])",0.814,0.815,0.809,0.809,0.815,0.8124,0.0027999999999999484,39
0,0.07067856788635254,0.0032237321854039383,0.008344459533691406,0.0017058898311254115,gini,30,42,34,"OrderedDict([('model__criterion', 'gini'), ('model__max_depth', 30), ('model__min_samples_leaf', 42), ('model__min_samples_split', 34)])",0.812,0.823,0.818,0.833,0.84,0.8251999999999999,0.010107423014794602,9
0,0.06830811500549316,0.0038009365049708234,0.00906076431274414,0.002619395753736828,gini,9,29,2,"OrderedDict([('model__criterion', 'gini'), ('model__max_depth', 9), ('model__min_samples_leaf', 29), ('model__min_samples_split', 2)])",0.814,0.816,0.828,0.83,0.825,0.8225999999999999,0.006437390775772439,26
0,0.029961204528808592,0.002110249222817011,0.009783601760864258,0.002727172339832525,entropy,2,37,12,"OrderedDict([('model__criterion', 'entropy'), ('model__max_depth', 2), ('model__min_samples_leaf', 37), ('model__min_samples_split', 12)])",0.814,0.796,0.798,0.822,0.814,0.8088,0.01008761617033475,42
0,0.0230684757232666,0.0010539340619521477,0.0076331615447998045,0.0003062667345764843,gini,1,34,60,"OrderedDict([('model__criterion', 'gini'), ('model__max_depth', 1), ('model__min_samples_leaf', 34), ('model__min_samples_split', 60)])",0.798,0.807,0.794,0.817,0.811,0.8054,0.008404760555780254,43
0,0.07273688316345214,0.00507588403221742,0.008934736251831055,0.0005719237631865679,gini,9,41,15,"OrderedDict([('model__criterion', 'gini'), ('model__max_depth', 9), ('model__min_samples_leaf', 41), ('model__min_samples_split', 15)])",0.815,0.823,0.819,0.833,0.84,0.826,0.009208691546577078,4
0,0.07062211036682128,0.00429155597310484,0.010730981826782227,0.0026591680457877407,gini,24,38,7,"OrderedDict([('model__criterion', 'gini'), ('model__max_depth', 24), ('model__min_samples_leaf', 38), ('model__min_samples_split', 7)])",0.806,0.826,0.821,0.834,0.842,0.8258000000000001,0.01220491704191386,6
0,0.07004694938659668,0.0026643744125353793,0.014458990097045899,0.004831596793850137,gini,30,51,3,"OrderedDict([('model__criterion', 'gini'), ('model__max_depth', 30), ('model__min_samples_leaf', 51), ('model__min_samples_split', 3)])",0.803,0.814,0.814,0.831,0.835,0.8193999999999999,0.011876026271442798,32
0,0.08192028999328613,0.007140039961329472,0.009023952484130859,0.001138692109817546,gini,21,31,57,"OrderedDict([('model__criterion', 'gini'), ('model__max_depth', 21), ('model__min_samples_leaf', 31), ('model__min_samples_split', 57)])",0.811,0.82,0.826,0.828,0.829,0.8228,0.006675327707311421,22
0,0.0884218692779541,0.005757474203247052,0.010234737396240234,0.0030616795202734835,gini,14,20,5,"OrderedDict([('model__criterion', 'gini'), ('model__max_depth', 14), ('model__min_samples_leaf', 20), ('model__min_samples_split', 5)])",0.814,0.826,0.834,0.818,0.83,0.8244,0.00741889479639657,14
0,0.0694882869720459,0.004534261662138669,0.01217508316040039,0.003088160095119023,gini,19,41,9,"OrderedDict([('model__criterion', 'gini'), ('model__max_depth', 19), ('model__min_samples_leaf', 41), ('model__min_samples_split', 9)])",0.815,0.823,0.819,0.833,0.84,0.826,0.009208691546577078,4
0,0.06049456596374512,0.003310495307130048,0.009040737152099609,0.0011592902274948922,gini,7,17,60,"OrderedDict([('model__criterion', 'gini'), ('model__max_depth', 7), ('model__min_samples_leaf', 17), ('model__min_samples_split', 60)])",0.808,0.823,0.829,0.833,0.824,0.8234,0.008499411744350278,18
0,0.07913241386413575,0.005505303765530714,0.008922863006591796,0.0018172745396734967,gini,30,24,58,"OrderedDict([('model__criterion', 'gini'), ('model__max_depth', 30), ('model__min_samples_leaf', 24), ('model__min_samples_split', 58)])",0.819,0.815,0.83,0.837,0.828,0.8258000000000001,0.007884161337770817,6
0,0.07842636108398438,0.004151997406949212,0.010184574127197265,0.0009274932512100022,entropy,30,42,60,"OrderedDict([('model__criterion', 'entropy'), ('model__max_depth', 30), ('model__min_samples_leaf', 42), ('model__min_samples_split', 60)])",0.83,0.819,0.822,0.819,0.825,0.8230000000000001,0.004147288270665548,21
0,0.02570023536682129,0.0037185641552113183,0.007940435409545898,0.0006128929285397302,gini,1,9,9,"OrderedDict([('model__criterion', 'gini'), ('model__max_depth', 1), ('model__min_samples_leaf', 9), ('model__min_samples_split', 9)])",0.798,0.807,0.794,0.817,0.811,0.8054,0.008404760555780254,43
0,0.08890104293823242,0.004355496701427456,0.00989537239074707,0.0016530937989964255,gini,30,27,25,"OrderedDict([('model__criterion', 'gini'), ('model__max_depth', 30), ('model__min_samples_leaf', 27), ('model__min_samples_split', 25)])",0.819,0.818,0.827,0.84,0.822,0.8251999999999999,0.008034923770640273,9
0,0.02524247169494629,0.0015210210884486525,0.009185075759887695,0.002547561658655628,gini,1,49,15,"OrderedDict([('model__criterion', 'gini'), ('model__max_depth', 1), ('model__min_samples_leaf', 49), ('model__min_samples_split', 15)])",0.798,0.807,0.794,0.817,0.811,0.8054,0.008404760555780254,43
0,0.11564602851867675,0.003029902195706338,0.008955860137939453,0.0018017331718077022,gini,18,14,2,"OrderedDict([('model__criterion', 'gini'), ('model__max_depth', 18), ('model__min_samples_leaf', 14), ('model__min_samples_split', 2)])",0.8,0.807,0.81,0.812,0.82,0.8098000000000001,0.006523802572120007,40
0,0.06968898773193359,0.005456356909412484,0.008699607849121094,0.002311258527372586,gini,16,49,2,"OrderedDict([('model__criterion', 'gini'), ('model__max_depth', 16), ('model__min_samples_leaf', 49), ('model__min_samples_split', 2)])",0.809,0.815,0.818,0.833,0.835,0.8220000000000001,0.010237187113655764,29
0,0.02653656005859375,0.0014264897604930069,0.00888214111328125,0.001759507562924037,entropy,1,22,7,"OrderedDict([('model__criterion', 'entropy'), ('model__max_depth', 1), ('model__min_samples_leaf', 22), ('model__min_samples_split', 7)])",0.773,0.807,0.794,0.8,0.789,0.7926000000000001,0.01149956520917205,49
0,0.08598265647888184,0.006701640598447394,0.011129283905029297,0.003084915515090152,gini,12,20,60,"OrderedDict([('model__criterion', 'gini'), ('model__max_depth', 12), ('model__min_samples_leaf', 20), ('model__min_samples_split', 60)])",0.823,0.824,0.83,0.832,0.827,0.8271999999999998,0.0034292856398964525,1
0,0.05684781074523926,0.00550887522976396,0.00817413330078125,0.0003304653658655562,gini,11,60,2,"OrderedDict([('model__criterion', 'gini'), ('model__max_depth', 11), ('model__min_samples_leaf', 60), ('model__min_samples_split', 2)])",0.805,0.8,0.819,0.83,0.835,0.8178000000000001,0.013614697940093968,36
0,0.08056387901306153,0.005054400435849827,0.008809328079223633,0.0012257253072306825,entropy,30,36,2,"OrderedDict([('model__criterion', 'entropy'), ('model__max_depth', 30), ('model__min_samples_leaf', 36), ('model__min_samples_split', 2)])",0.823,0.825,0.824,0.822,0.83,0.8248,0.002785677655436826,13
0,0.09028062820434571,0.004550499574101736,0.008086156845092774,0.0007529662382963478,gini,9,12,2,"OrderedDict([('model__criterion', 'gini'), ('model__max_depth', 9), ('model__min_samples_leaf', 12), ('model__min_samples_split', 2)])",0.819,0.812,0.808,0.798,0.811,0.8096,0.006829348431585524,41
0,0.0843848705291748,0.009054479910831498,0.010336542129516601,0.0018790439209648683,gini,17,30,2,"OrderedDict([('model__criterion', 'gini'), ('model__max_depth', 17), ('model__min_samples_leaf', 30), ('model__min_samples_split', 2)])",0.811,0.82,0.828,0.831,0.824,0.8228,0.006968500556073707,22
0,0.06065521240234375,0.004010713395353584,0.008789348602294921,0.0013682042093671786,gini,30,51,60,"OrderedDict([('model__criterion', 'gini'), ('model__max_depth', 30), ('model__min_samples_leaf', 51), ('model__min_samples_split', 60)])",0.803,0.814,0.814,0.831,0.835,0.8193999999999999,0.011876026271442798,32
0,0.07747960090637207,0.00472224842873953,0.008771800994873047,0.0013793603702446323,entropy,27,37,58,"OrderedDict([('model__criterion', 'entropy'), ('model__max_depth', 27), ('model__min_samples_leaf', 37), ('model__min_samples_split', 58)])",0.823,0.825,0.822,0.817,0.829,0.8231999999999999,0.003919183588453088,19
0,0.09113750457763672,0.00512451177034323,0.008158349990844726,0.00032115085618633393,entropy,25,29,33,"OrderedDict([('model__criterion', 'entropy'), ('model__max_depth', 25), ('model__min_samples_leaf', 29), ('model__min_samples_split', 33)])",0.823,0.816,0.829,0.825,0.818,0.8221999999999999,0.004707440918375932,28
0,0.0778613567352295,0.005742106997100255,0.008694791793823242,0.001814673360033616,gini,13,29,28,"OrderedDict([('model__criterion', 'gini'), ('model__max_depth', 13), ('model__min_samples_leaf', 29), ('model__min_samples_split', 28)])",0.814,0.816,0.828,0.831,0.825,0.8228,0.00667532770731146,22
0,0.07838206291198731,0.005196583853822263,0.009917926788330079,0.001816945724961772,entropy,10,22,42,"OrderedDict([('model__criterion', 'entropy'), ('model__max_depth', 10), ('model__min_samples_leaf', 22), ('model__min_samples_split', 42)])",0.826,0.817,0.83,0.823,0.818,0.8228,0.0048744230427815805,22
0,0.06772541999816895,0.005826486334554583,0.01030716896057129,0.002416409481855913,gini,9,36,58,"OrderedDict([('model__criterion', 'gini'), ('model__max_depth', 9), ('model__min_samples_leaf', 36), ('model__min_samples_split', 58)])",0.806,0.826,0.824,0.834,0.832,0.8244,0.009911609354691061,14
0,0.025041818618774414,0.002145935645380452,0.008526611328125,0.0010558480993464734,entropy,1,60,39,"OrderedDict([('model__criterion', 'entropy'), ('model__max_depth', 1), ('model__min_samples_leaf', 60), ('model__min_samples_split', 39)])",0.773,0.807,0.794,0.8,0.789,0.7926000000000001,0.01149956520917205,49
0,0.024486255645751954,0.002078050921513165,0.00934910774230957,0.00158671729049653,gini,1,1,60,"OrderedDict([('model__criterion', 'gini'), ('model__max_depth', 1), ('model__min_samples_leaf', 1), ('model__min_samples_split', 60)])",0.798,0.807,0.794,0.817,0.811,0.8054,0.008404760555780254,43
0,0.05692543983459473,0.004511472460929276,0.008076763153076172,0.0001603150069717997,entropy,7,45,54,"OrderedDict([('model__criterion', 'entropy'), ('model__max_depth', 7), ('model__min_samples_leaf', 45), ('model__min_samples_split', 54)])",0.829,0.818,0.823,0.83,0.825,0.825,0.004335896677735764,11
0,0.0847705364227295,0.0030759741555155505,0.009705257415771485,0.0017587867672418647,gini,26,23,53,"OrderedDict([('model__criterion', 'gini'), ('model__max_depth', 26), ('model__min_samples_leaf', 23), ('model__min_samples_split', 53)])",0.823,0.819,0.83,0.832,0.825,0.8257999999999999,0.004707440918375932,8
1,0.030217599868774415,0.002969627243409116,0.0036125659942626955,0.00017697465363395506,gini,22,56,20,"OrderedDict([('model__criterion', 'gini'), ('model__max_depth', 22), ('model__min_samples_leaf', 56), ('model__min_samples_split', 20)])",0.904,0.896,0.896,0.92,0.91,0.9052,0.009086253353280447,40
1,0.032671117782592775,0.0028971492146835265,0.003681468963623047,0.00020647260387298322,entropy,27,19,57,"OrderedDict([('model__criterion', 'entropy'), ('model__max_depth', 27), ('model__min_samples_leaf', 19), ('model__min_samples_split', 57)])",0.913,0.917,0.903,0.927,0.923,0.9166000000000001,0.008333066662399871,27
1,0.0344083309173584,0.0017031019229796617,0.003892946243286133,0.00037785953826869874,gini,28,7,27,"OrderedDict([('model__criterion', 'gini'), ('model__max_depth', 28), ('model__min_samples_leaf', 7), ('model__min_samples_split', 27)])",0.923,0.919,0.909,0.917,0.916,0.9168000000000001,0.004578209256903843,26
1,0.029388570785522462,0.002139986806854057,0.0036201000213623045,0.00015325070013540434,entropy,6,36,49,"OrderedDict([('model__criterion', 'entropy'), ('model__max_depth', 6), ('model__min_samples_leaf', 36), ('model__min_samples_split', 49)])",0.912,0.917,0.905,0.905,0.916,0.9110000000000001,0.005176871642217918,37
1,0.03206896781921387,0.0022451148654762582,0.0036670207977294923,0.00022773817555865153,entropy,14,32,44,"OrderedDict([('model__criterion', 'entropy'), ('model__max_depth', 14), ('model__min_samples_leaf', 32), ('model__min_samples_split', 44)])",0.905,0.921,0.907,0.924,0.916,0.9146000000000001,0.007499333303701075,30
1,0.03372411727905274,0.0036563663893733342,0.0036855220794677736,0.0003102564119064867,entropy,28,11,13,"OrderedDict([('model__criterion', 'entropy'), ('model__max_depth', 28), ('model__min_samples_leaf', 11), ('model__min_samples_split', 13)])",0.928,0.909,0.899,0.926,0.918,0.916,0.010825894882179497,28
1,0.03149194717407226,0.0012884818669113588,0.0042626380920410155,0.0014015450268315157,entropy,23,22,53,"OrderedDict([('model__criterion', 'entropy'), ('model__max_depth', 23), ('model__min_samples_leaf', 22), ('model__min_samples_split', 53)])",0.91,0.914,0.904,0.923,0.924,0.915,0.007641989269817127,29
1,0.031737565994262695,0.0029502881931213654,0.0035535812377929686,9.20612399309466e-05,entropy,28,30,51,"OrderedDict([('model__criterion', 'entropy'), ('model__max_depth', 28), ('model__min_samples_leaf', 30), ('model__min_samples_split', 51)])",0.908,0.916,0.899,0.924,0.917,0.9128000000000001,0.00856504524214555,32
1,0.030508041381835938,0.003342135443357687,0.0035888195037841798,2.6000789492789332e-05,entropy,21,52,26,"OrderedDict([('model__criterion', 'entropy'), ('model__max_depth', 21), ('model__min_samples_leaf', 52), ('model__min_samples_split', 26)])",0.911,0.905,0.896,0.916,0.91,0.9076000000000001,0.006770524351924309,38
1,0.028696727752685548,0.0018784115562681687,0.0037236690521240236,0.00035823196887643983,gini,25,45,17,"OrderedDict([('model__criterion', 'gini'), ('model__max_depth', 25), ('model__min_samples_leaf', 45), ('model__min_samples_split', 17)])",0.899,0.904,0.898,0.922,0.906,0.9057999999999999,0.008634813257969168,39
1,0.027677583694458007,0.0027763181111781303,0.0036948204040527345,0.00017427458131126608,entropy,4,1,52,"OrderedDict([('model__criterion', 'entropy'), ('model__max_depth', 4), ('model__min_samples_leaf', 1), ('model__min_samples_split', 52)])",0.889,0.902,0.89,0.887,0.892,0.892,0.005253570214625483,48
1,0.015503978729248047,0.0015743217992194595,0.004424619674682617,0.0009498242195457663,entropy,1,60,60,"OrderedDict([('model__criterion', 'entropy'), ('model__max_depth', 1), ('model__min_samples_leaf', 60), ('model__min_samples_split', 60)])",0.786,0.796,0.782,0.776,0.8,0.7879999999999999,0.00885437744847147,50
1,0.03279600143432617,0.0026947262812915722,0.004334592819213867,0.0007661851092770152,entropy,9,1,54,"OrderedDict([('model__criterion', 'entropy'), ('model__max_depth', 9), ('model__min_samples_leaf', 1), ('model__min_samples_split', 54)])",0.921,0.919,0.907,0.932,0.921,0.9199999999999999,0.007949842765740723,21
1,0.03612842559814453,0.002999407965125913,0.00418248176574707,0.0007215375121477828,gini,17,1,52,"OrderedDict([('model__criterion', 'gini'), ('model__max_depth', 17), ('model__min_samples_leaf', 1), ('model__min_samples_split', 52)])",0.921,0.917,0.929,0.927,0.926,0.924,0.004381780460041332,4
1,0.0403193473815918,0.0032933557552873704,0.0036357879638671876,8.926063005806035e-05,gini,20,1,2,"OrderedDict([('model__criterion', 'gini'), ('model__max_depth', 20), ('model__min_samples_leaf', 1), ('model__min_samples_split', 2)])",0.91,0.91,0.909,0.923,0.911,0.9126000000000001,0.005238320341483522,33
1,0.034236812591552736,0.002246079734563832,0.0036153316497802733,7.800265997368414e-05,entropy,30,1,60,"OrderedDict([('model__criterion', 'entropy'), ('model__max_depth', 30), ('model__min_samples_leaf', 1), ('model__min_samples_split', 60)])",0.93,0.917,0.915,0.934,0.92,0.9232000000000001,0.007467261881037795,12
1,0.03356647491455078,0.003096886384898665,0.004482460021972656,0.0010113131066917386,gini,7,1,2,"OrderedDict([('model__criterion', 'gini'), ('model__max_depth', 7), ('model__min_samples_leaf', 1), ('model__min_samples_split', 2)])",0.917,0.923,0.909,0.925,0.922,0.9192,0.005741080037762934,23
1,0.028087139129638672,0.002375794057097203,0.0048126220703125,0.0018282188656064471,gini,17,60,58,"OrderedDict([('model__criterion', 'gini'), ('model__max_depth', 17), ('model__min_samples_leaf', 60), ('model__min_samples_split', 58)])",0.905,0.892,0.897,0.909,0.899,0.9004,0.005986651818838311,46
1,0.027969741821289064,0.0017035377737336657,0.00407719612121582,0.0005573434789821615,entropy,9,60,60,"OrderedDict([('model__criterion', 'entropy'), ('model__max_depth', 9), ('model__min_samples_leaf', 60), ('model__min_samples_split', 60)])",0.914,0.901,0.897,0.911,0.899,0.9044000000000001,0.0068000000000000066,43
1,0.034723663330078126,0.002828894231988022,0.004195785522460938,0.0009032212974153269,entropy,15,1,60,"OrderedDict([('model__criterion', 'entropy'), ('model__max_depth', 15), ('model__min_samples_leaf', 1), ('model__min_samples_split', 60)])",0.928,0.918,0.915,0.934,0.921,0.9232000000000001,0.0069108610172684045,12
1,0.03884344100952149,0.0024904656920011975,0.005019998550415039,0.00216529744010191,gini,12,1,60,"OrderedDict([('model__criterion', 'gini'), ('model__max_depth', 12), ('model__min_samples_leaf', 1), ('model__min_samples_split', 60)])",0.921,0.922,0.922,0.929,0.925,0.9238,0.0029257477676655616,8
1,0.03070411682128906,0.00214189434014975,0.003914785385131836,0.0005465271621350385,entropy,30,60,2,"OrderedDict([('model__criterion', 'entropy'), ('model__max_depth', 30), ('model__min_samples_leaf', 60), ('model__min_samples_split', 2)])",0.917,0.901,0.897,0.911,0.899,0.905,0.007694153624668545,41
1,0.036229610443115234,0.003263387443426445,0.004286813735961914,0.0009549096141760819,entropy,12,3,4,"OrderedDict([('model__criterion', 'entropy'), ('model__max_depth', 12), ('model__min_samples_leaf', 3), ('model__min_samples_split', 4)])",0.916,0.918,0.912,0.933,0.925,0.9208000000000001,0.007413501197140262,20
1,0.03766179084777832,0.0029257531208430718,0.004055404663085937,0.0007776747373218414,entropy,13,1,60,"OrderedDict([('model__criterion', 'entropy'), ('model__max_depth', 13), ('model__min_samples_leaf', 1), ('model__min_samples_split', 60)])",0.928,0.918,0.915,0.934,0.92,0.923,0.006985699678629199,14
1,0.03235259056091309,0.0019455831381796785,0.0038552284240722656,0.00044592410380488905,gini,9,25,60,"OrderedDict([('model__criterion', 'gini'), ('model__max_depth', 9), ('model__min_samples_leaf', 25), ('model__min_samples_split', 60)])",0.912,0.904,0.899,0.924,0.92,0.9118,0.00938935567544441,35
1,0.037575483322143555,0.001113734791525293,0.004314994812011719,0.0006494704249568117,entropy,25,1,50,"OrderedDict([('model__criterion', 'entropy'), ('model__max_depth', 25), ('model__min_samples_leaf', 1), ('model__min_samples_split', 50)])",0.925,0.919,0.911,0.931,0.924,0.922,0.0066932802122726094,18
1,0.03771343231201172,0.0005059446192306169,0.004002761840820312,0.000506693105664593,entropy,18,2,54,"OrderedDict([('model__criterion', 'entropy'), ('model__max_depth', 18), ('model__min_samples_leaf', 2), ('model__min_samples_split', 54)])",0.925,0.917,0.911,0.932,0.925,0.922,0.0072663608498339865,18
1,0.03557500839233398,0.00220204100043933,0.004365253448486328,0.0012850952536271089,entropy,16,1,60,"OrderedDict([('model__criterion', 'entropy'), ('model__max_depth', 16), ('model__min_samples_leaf', 1), ('model__min_samples_split', 60)])",0.928,0.918,0.914,0.934,0.921,0.923,0.007155417527999333,14
1,0.03141493797302246,0.0016200653950165067,0.003987026214599609,0.00016050450658379722,entropy,7,3,59,"OrderedDict([('model__criterion', 'entropy'), ('model__max_depth', 7), ('model__min_samples_leaf', 3), ('model__min_samples_split', 59)])",0.919,0.921,0.902,0.928,0.921,0.9182,0.008657944328765352,24
1,0.02952103614807129,0.0019015466624005507,0.0042110919952392575,0.0006989440223001927,gini,12,60,53,"OrderedDict([('model__criterion', 'gini'), ('model__max_depth', 12), ('model__min_samples_leaf', 60), ('model__min_samples_split', 53)])",0.905,0.892,0.897,0.909,0.899,0.9004,0.005986651818838311,46
1,0.03517894744873047,0.004090836824567364,0.004414987564086914,0.0010676332582671233,gini,30,23,58,"OrderedDict([('model__criterion', 'gini'), ('model__max_depth', 30), ('model__min_samples_leaf', 23), ('model__min_samples_split', 58)])",0.911,0.9,0.899,0.926,0.921,0.9114000000000001,0.01085541339608954,36
1,0.03875908851623535,0.0025314575103812962,0.0045029640197753905,0.0007072092829702868,gini,14,1,60,"OrderedDict([('model__criterion', 'gini'), ('model__max_depth', 14), ('model__min_samples_leaf', 1), ('model__min_samples_split', 60)])",0.921,0.922,0.922,0.929,0.926,0.924,0.003033150177620623,4
1,0.04271774291992188,0.00201688237535559,0.004919767379760742,0.001472265038583642,gini,14,1,2,"OrderedDict([('model__criterion', 'gini'), ('model__max_depth', 14), ('model__min_samples_leaf', 1), ('model__min_samples_split', 2)])",0.903,0.914,0.911,0.922,0.912,0.9124000000000001,0.006086049621881181,34
1,0.03537273406982422,0.0025487571696141222,0.004398250579833984,0.0009430970324560284,entropy,22,1,60,"OrderedDict([('model__criterion', 'entropy'), ('model__max_depth', 22), ('model__min_samples_leaf', 1), ('model__min_samples_split', 60)])",0.93,0.919,0.915,0.934,0.92,0.9236000000000001,0.00717216843081645,9
1,0.038226985931396486,0.003438882761653541,0.0048197746276855465,0.0005864206610906437,entropy,12,1,60,"OrderedDict([('model__criterion', 'entropy'), ('model__max_depth', 12), ('model__min_samples_leaf', 1), ('model__min_samples_split', 60)])",0.928,0.918,0.914,0.934,0.92,0.9228000000000002,0.007222188034107121,17
1,0.04158926010131836,0.0024302624085781733,0.0046141624450683595,0.0013630124255154315,gini,30,2,7,"OrderedDict([('model__criterion', 'gini'), ('model__max_depth', 30), ('model__min_samples_leaf', 2), ('model__min_samples_split', 7)])",0.911,0.915,0.912,0.91,0.917,0.913,0.0026076809620810618,31
1,0.03686404228210449,0.0012894186208750103,0.004662036895751953,0.0006937746161991316,entropy,9,60,2,"OrderedDict([('model__criterion', 'entropy'), ('model__max_depth', 9), ('model__min_samples_leaf', 60), ('model__min_samples_split', 2)])",0.914,0.901,0.897,0.911,0.899,0.9044000000000001,0.0068000000000000066,43
1,0.039723443984985354,0.004902765283315384,0.003889656066894531,0.0002055467176699854,entropy,20,1,60,"OrderedDict([('model__criterion', 'entropy'), ('model__max_depth', 20), ('model__min_samples_leaf', 1), ('model__min_samples_split', 60)])",0.93,0.918,0.915,0.934,0.92,0.9234,0.007310266752998833,11
1,0.03920612335205078,0.0016454002015390819,0.003896808624267578,0.0002115149663311899,gini,12,1,31,"OrderedDict([('model__criterion', 'gini'), ('model__max_depth', 12), ('model__min_samples_leaf', 1), ('model__min_samples_split', 31)])",0.926,0.92,0.926,0.922,0.928,0.9244000000000001,0.0029393876913398165,2
1,0.03740882873535156,0.00243824941901991,0.004147815704345703,0.0003214635605105166,entropy,9,1,9,"OrderedDict([('model__criterion', 'entropy'), ('model__max_depth', 9), ('model__min_samples_leaf', 1), ('model__min_samples_split', 9)])",0.922,0.912,0.921,0.924,0.92,0.9198000000000001,0.004118252056394804,22
1,0.04041924476623535,0.003976326914497826,0.004620981216430664,0.0007937198699902542,entropy,24,2,3,"OrderedDict([('model__criterion', 'entropy'), ('model__max_depth', 24), ('model__min_samples_leaf', 2), ('model__min_samples_split', 3)])",0.92,0.909,0.913,0.931,0.917,0.9179999999999999,0.007483314773547889,25
1,0.03908238410949707,0.005127663164060314,0.0040432453155517575,0.00021014936866196957,gini,22,1,58,"OrderedDict([('model__criterion', 'gini'), ('model__max_depth', 22), ('model__min_samples_leaf', 1), ('model__min_samples_split', 58)])",0.921,0.923,0.923,0.929,0.926,0.9244000000000001,0.0028000000000000026,2
1,0.0273867130279541,0.003243327262703293,0.004673194885253906,0.0008309634502111465,gini,5,60,2,"OrderedDict([('model__criterion', 'gini'), ('model__max_depth', 5), ('model__min_samples_leaf', 60), ('model__min_samples_split', 2)])",0.898,0.882,0.882,0.897,0.893,0.8904,0.0070597450378891225,49
1,0.033112955093383786,0.0028929858594797407,0.004129219055175781,0.00041498903650611,gini,16,59,3,"OrderedDict([('model__criterion', 'gini'), ('model__max_depth', 16), ('model__min_samples_leaf', 59), ('model__min_samples_split', 3)])",0.905,0.892,0.897,0.916,0.899,0.9018,0.00823164625090268,45
1,0.04054956436157227,0.0016172033373170345,0.004183626174926758,0.000508230093277887,entropy,28,1,60,"OrderedDict([('model__criterion', 'entropy'), ('model__max_depth', 28), ('model__min_samples_leaf', 1), ('model__min_samples_split', 60)])",0.928,0.918,0.914,0.934,0.921,0.923,0.007155417527999333,14
1,0.044446802139282225,0.0019444434485723216,0.004135799407958984,0.000298809631380599,gini,21,1,60,"OrderedDict([('model__criterion', 'gini'), ('model__max_depth', 21), ('model__min_samples_leaf', 1), ('model__min_samples_split', 60)])",0.921,0.923,0.922,0.929,0.925,0.924,0.0028284271247461927,4
1,0.03572182655334473,0.003083374986490448,0.0038385868072509767,4.309468414122847e-05,entropy,27,60,59,"OrderedDict([('model__criterion', 'entropy'), ('model__max_depth', 27), ('model__min_samples_leaf', 60), ('model__min_samples_split', 59)])",0.917,0.901,0.897,0.911,0.899,0.905,0.007694153624668545,41
1,0.03899383544921875,0.0034484468233379737,0.004291152954101563,0.0007782330049435859,gini,18,1,60,"OrderedDict([('model__criterion', 'gini'), ('model__max_depth', 18), ('model__min_samples_leaf', 1), ('model__min_samples_split', 60)])",0.921,0.921,0.922,0.929,0.926,0.9238000000000002,0.0031874754901018484,7
1,0.04412918090820313,0.004013292117664444,0.004059600830078125,0.00019633913444963105,gini,11,1,30,"OrderedDict([('model__criterion', 'gini'), ('model__max_depth', 11), ('model__min_samples_leaf', 1), ('model__min_samples_split', 30)])",0.927,0.92,0.926,0.923,0.927,0.9246000000000001,0.0027276363393971734,1
1,0.043881559371948244,0.0010954875552504468,0.0053555011749267575,0.0016579453725505146,gini,11,1,35,"OrderedDict([('model__criterion', 'gini'), ('model__max_depth', 11), ('model__min_samples_leaf', 1), ('model__min_samples_split', 35)])",0.925,0.918,0.928,0.923,0.924,0.9236000000000001,0.003261901286060021,9
2,0.03267688751220703,0.0015614837348199159,0.0051438331604003905,0.0006868371166339156,gini,22,56,20,"OrderedDict([('model__criterion', 'gini'), ('model__max_depth', 22), ('model__min_samples_leaf', 56), ('model__min_samples_split', 20)])",0.901,0.9,0.896,0.896,0.891,0.8968,0.0035440090293338733,18
2,0.0356348991394043,0.0019912986723892956,0.0050699710845947266,0.00036652078162030457,entropy,27,19,57,"OrderedDict([('model__criterion', 'entropy'), ('model__max_depth', 27), ('model__min_samples_leaf', 19), ('model__min_samples_split', 57)])",0.887,0.905,0.894,0.886,0.869,0.8882,0.011754148203932101,40
2,0.041797447204589847,0.004277673949644669,0.004879903793334961,0.00030238738075213207,gini,28,7,27,"OrderedDict([('model__criterion', 'gini'), ('model__max_depth', 28), ('model__min_samples_leaf', 7), ('model__min_samples_split', 27)])",0.897,0.893,0.88,0.883,0.864,0.8834,0.011534296684236982,43
2,0.027787160873413087,0.0016996314757970164,0.005387163162231446,0.0008643900172556718,entropy,6,36,49,"OrderedDict([('model__criterion', 'entropy'), ('model__max_depth', 6), ('model__min_samples_leaf', 36), ('model__min_samples_split', 49)])",0.902,0.901,0.896,0.887,0.885,0.8942,0.007025667228100125,25
2,0.03310747146606445,0.0018726103730150304,0.005631446838378906,0.0011951446285880945,entropy,14,32,44,"OrderedDict([('model__criterion', 'entropy'), ('model__max_depth', 14), ('model__min_samples_leaf', 32), ('model__min_samples_split', 44)])",0.9,0.899,0.891,0.886,0.888,0.8928,0.005706137047074848,30
2,0.036887073516845705,0.0025241430553131147,0.004826068878173828,0.0002851760493836606,entropy,28,11,13,"OrderedDict([('model__criterion', 'entropy'), ('model__max_depth', 28), ('model__min_samples_leaf', 11), ('model__min_samples_split', 13)])",0.893,0.886,0.875,0.876,0.867,0.8794000000000001,0.009090654541890817,49
2,0.031618595123291016,0.0035197457653722477,0.00447549819946289,6.976204217893145e-05,entropy,23,22,53,"OrderedDict([('model__criterion', 'entropy'), ('model__max_depth', 23), ('model__min_samples_leaf', 22), ('model__min_samples_split', 53)])",0.887,0.907,0.898,0.892,0.876,0.892,0.010411532067856307,31
2,0.0299222469329834,0.0019221832892276228,0.005087375640869141,0.0007353325745392496,entropy,28,30,51,"OrderedDict([('model__criterion', 'entropy'), ('model__max_depth', 28), ('model__min_samples_leaf', 30), ('model__min_samples_split', 51)])",0.903,0.898,0.885,0.886,0.88,0.8904,0.008639444426582078,35
2,0.028495311737060547,0.003184927133609793,0.004566287994384766,0.00017239484123624554,entropy,21,52,26,"OrderedDict([('model__criterion', 'entropy'), ('model__max_depth', 21), ('model__min_samples_leaf', 52), ('model__min_samples_split', 26)])",0.897,0.907,0.888,0.898,0.89,0.8960000000000001,0.0067230945255886505,22
2,0.028551721572875978,0.0017710009219907995,0.004667949676513672,0.00038727921405226027,gini,25,45,17,"OrderedDict([('model__criterion', 'gini'), ('model__max_depth', 25), ('model__min_samples_leaf', 45), ('model__min_samples_split', 17)])",0.895,0.904,0.895,0.892,0.886,0.8943999999999999,0.005817215828899601,24
2,0.01847233772277832,0.001178701010028682,0.006592607498168946,0.0018780777139837342,gini,1,60,60,"OrderedDict([('model__criterion', 'gini'), ('model__max_depth', 1), ('model__min_samples_leaf', 60), ('model__min_samples_split', 60)])",0.883,0.883,0.883,0.883,0.87,0.8804000000000001,0.005200000000000005,47
2,0.03331918716430664,0.003675331407044548,0.005963611602783203,0.0014951964133542146,gini,30,60,52,"OrderedDict([('model__criterion', 'gini'), ('model__max_depth', 30), ('model__min_samples_leaf', 60), ('model__min_samples_split', 52)])",0.901,0.901,0.896,0.896,0.893,0.8974,0.003136877428271627,13
2,0.018492841720581056,0.0010743972443083638,0.005587005615234375,0.0019238068313024563,entropy,1,9,57,"OrderedDict([('model__criterion', 'entropy'), ('model__max_depth', 1), ('model__min_samples_leaf', 9), ('model__min_samples_split', 57)])",0.883,0.883,0.883,0.883,0.883,0.883,0.0,44
2,0.019798660278320314,0.002273091258590584,0.0056937217712402345,0.0008760873113573789,gini,1,26,8,"OrderedDict([('model__criterion', 'gini'), ('model__max_depth', 1), ('model__min_samples_leaf', 26), ('model__min_samples_split', 8)])",0.883,0.883,0.883,0.883,0.87,0.8804000000000001,0.005200000000000005,47
2,0.03512697219848633,0.00385638796484532,0.00619354248046875,0.002224537180060701,gini,25,60,60,"OrderedDict([('model__criterion', 'gini'), ('model__max_depth', 25), ('model__min_samples_leaf', 60), ('model__min_samples_split', 60)])",0.901,0.901,0.896,0.896,0.893,0.8974,0.003136877428271627,13
2,0.03157200813293457,0.0019288448087057882,0.007435750961303711,0.0020401241254978625,gini,10,59,4,"OrderedDict([('model__criterion', 'gini'), ('model__max_depth', 10), ('model__min_samples_leaf', 59), ('model__min_samples_split', 4)])",0.901,0.9,0.896,0.896,0.893,0.8972,0.0029257477676655616,17
2,0.041563558578491214,0.00259639012427754,0.006013059616088867,0.001381219838344202,gini,10,1,2,"OrderedDict([('model__criterion', 'gini'), ('model__max_depth', 10), ('model__min_samples_leaf', 1), ('model__min_samples_split', 2)])",0.89,0.895,0.886,0.898,0.881,0.89,0.006099180272790768,36
2,0.03155040740966797,0.0018038860301042437,0.005014181137084961,0.0001804520279557817,gini,17,60,58,"OrderedDict([('model__criterion', 'gini'), ('model__max_depth', 17), ('model__min_samples_leaf', 60), ('model__min_samples_split', 58)])",0.901,0.901,0.896,0.896,0.893,0.8974,0.003136877428271627,13
2,0.030968761444091795,0.002771828809790976,0.004938840866088867,9.223625711845474e-05,entropy,11,59,57,"OrderedDict([('model__criterion', 'entropy'), ('model__max_depth', 11), ('model__min_samples_leaf', 59), ('model__min_samples_split', 57)])",0.905,0.906,0.893,0.895,0.89,0.8977999999999999,0.006493073232299177,11
2,0.031212902069091795,0.0034384112947077696,0.004879808425903321,7.997450497377851e-05,entropy,14,60,2,"OrderedDict([('model__criterion', 'entropy'), ('model__max_depth', 14), ('model__min_samples_leaf', 60), ('model__min_samples_split', 2)])",0.905,0.907,0.893,0.895,0.89,0.898,0.0067527772064536595,1
2,0.04612078666687012,0.004268844245574475,0.006142425537109375,0.0016734234497049107,gini,17,2,59,"OrderedDict([('model__criterion', 'gini'), ('model__max_depth', 17), ('model__min_samples_leaf', 2), ('model__min_samples_split', 59)])",0.892,0.893,0.886,0.895,0.881,0.8894,0.00516139516022558,38
2,0.029742717742919922,0.002563018803192816,0.00532841682434082,0.0009745837514856568,entropy,7,59,4,"OrderedDict([('model__criterion', 'entropy'), ('model__max_depth', 7), ('model__min_samples_leaf', 59), ('model__min_samples_split', 4)])",0.905,0.906,0.893,0.895,0.89,0.8977999999999999,0.006493073232299177,11
2,0.02909374237060547,0.0012534380392198981,0.0050850391387939455,0.00022488402741171147,entropy,30,60,9,"OrderedDict([('model__criterion', 'entropy'), ('model__max_depth', 30), ('model__min_samples_leaf', 60), ('model__min_samples_split', 9)])",0.905,0.907,0.893,0.895,0.89,0.898,0.0067527772064536595,1
2,0.030553388595581054,0.0025389826467885645,0.005713510513305664,0.0010062383797332145,entropy,27,60,60,"OrderedDict([('model__criterion', 'entropy'), ('model__max_depth', 27), ('model__min_samples_leaf', 60), ('model__min_samples_split', 60)])",0.905,0.907,0.893,0.895,0.89,0.898,0.0067527772064536595,1
2,0.03700456619262695,0.004591837073207586,0.006973886489868164,0.0014207673769590923,entropy,9,1,59,"OrderedDict([('model__criterion', 'entropy'), ('model__max_depth', 9), ('model__min_samples_leaf', 1), ('model__min_samples_split', 59)])",0.894,0.896,0.89,0.885,0.883,0.8896000000000001,0.005003998401278726,37
2,0.03363485336303711,0.00306853282174464,0.005699539184570312,0.0011511557576194336,entropy,19,60,8,"OrderedDict([('model__criterion', 'entropy'), ('model__max_depth', 19), ('model__min_samples_leaf', 60), ('model__min_samples_split', 8)])",0.905,0.907,0.893,0.895,0.89,0.898,0.0067527772064536595,1
2,0.027565765380859374,0.002123572226945475,0.005957698822021485,0.0015591253332527548,gini,5,1,38,"OrderedDict([('model__criterion', 'gini'), ('model__max_depth', 5), ('model__min_samples_leaf', 1), ('model__min_samples_split', 38)])",0.906,0.894,0.886,0.888,0.885,0.8917999999999999,0.007756287771866133,32
2,0.03140602111816406,0.0033097597919367174,0.007314300537109375,0.0021373433839352337,entropy,9,60,60,"OrderedDict([('model__criterion', 'entropy'), ('model__max_depth', 9), ('model__min_samples_leaf', 60), ('model__min_samples_split', 60)])",0.905,0.907,0.893,0.895,0.89,0.898,0.0067527772064536595,1
2,0.045588445663452146,0.003237324246816349,0.005651330947875977,0.0006073026501287001,entropy,21,1,3,"OrderedDict([('model__criterion', 'entropy'), ('model__max_depth', 21), ('model__min_samples_leaf', 1), ('model__min_samples_split', 3)])",0.872,0.876,0.856,0.855,0.867,0.8652000000000001,0.008423775875461084,50
2,0.02922797203063965,0.0012623613420040334,0.005906486511230468,0.0012246172205818023,entropy,26,60,25,"OrderedDict([('model__criterion', 'entropy'), ('model__max_depth', 26), ('model__min_samples_leaf', 60), ('model__min_samples_split', 25)])",0.905,0.907,0.893,0.895,0.89,0.898,0.0067527772064536595,1
2,0.03553729057312012,0.0023540073813876966,0.00671238899230957,0.00115362557386142,gini,13,43,20,"OrderedDict([('model__criterion', 'gini'), ('model__max_depth', 13), ('model__min_samples_leaf', 43), ('model__min_samples_split', 20)])",0.896,0.904,0.895,0.891,0.885,0.8942,0.0062417946137309,25
2,0.019745349884033203,0.0019218491166241795,0.006140422821044922,0.0025244724673508015,entropy,1,48,44,"OrderedDict([('model__criterion', 'entropy'), ('model__max_depth', 1), ('model__min_samples_leaf', 48), ('model__min_samples_split', 44)])",0.883,0.883,0.883,0.883,0.883,0.883,0.0,44
2,0.028083181381225585,0.0023500383533895763,0.0058746337890625,0.0019001662025831716,entropy,5,2,4,"OrderedDict([('model__criterion', 'entropy'), ('model__max_depth', 5), ('model__min_samples_leaf', 2), ('model__min_samples_split', 4)])",0.906,0.901,0.884,0.897,0.883,0.8942,0.009195651146058128,25
2,0.03279786109924317,0.0031606116011386126,0.005710124969482422,0.0016007734897367915,entropy,9,60,28,"OrderedDict([('model__criterion', 'entropy'), ('model__max_depth', 9), ('model__min_samples_leaf', 60), ('model__min_samples_split', 28)])",0.905,0.907,0.893,0.895,0.89,0.898,0.0067527772064536595,1
2,0.03502788543701172,0.004305764655479114,0.005371618270874024,0.0007569817655617549,gini,30,32,59,"OrderedDict([('model__criterion', 'gini'), ('model__max_depth', 30), ('model__min_samples_leaf', 32), ('model__min_samples_split', 59)])",0.903,0.896,0.894,0.886,0.89,0.8938,0.005741080037762934,29
2,0.036249637603759766,0.0038143075147840854,0.006428050994873047,0.0013934982791769688,entropy,9,35,4,"OrderedDict([('model__criterion', 'entropy'), ('model__max_depth', 9), ('model__min_samples_leaf', 35), ('model__min_samples_split', 4)])",0.897,0.901,0.888,0.887,0.886,0.8917999999999999,0.006046486583132395,32
2,0.035972213745117186,0.0029410772691217365,0.005675220489501953,0.0009360187051612903,gini,20,37,60,"OrderedDict([('model__criterion', 'gini'), ('model__max_depth', 20), ('model__min_samples_leaf', 37), ('model__min_samples_split', 60)])",0.896,0.898,0.896,0.885,0.872,0.8894,0.009830564581955616,38
2,0.017837142944335936,0.00025715490625801546,0.005629205703735351,0.0011066377717524308,entropy,1,28,51,"OrderedDict([('model__criterion', 'entropy'), ('model__max_depth', 1), ('model__min_samples_leaf', 28), ('model__min_samples_split', 51)])",0.883,0.883,0.883,0.883,0.883,0.883,0.0,44
2,0.044154691696166995,0.002111804503590951,0.004955005645751953,0.00011279697625257494,entropy,13,13,7,"OrderedDict([('model__criterion', 'entropy'), ('model__max_depth', 13), ('model__min_samples_leaf', 13), ('model__min_samples_split', 7)])",0.894,0.891,0.887,0.886,0.876,0.8868,0.006112282715974455,42
2,0.03404707908630371,0.0010148143288385906,0.006693315505981445,0.0012438147273227686,gini,30,48,60,"OrderedDict([('model__criterion', 'gini'), ('model__max_depth', 30), ('model__min_samples_leaf', 48), ('model__min_samples_split', 60)])",0.895,0.905,0.895,0.89,0.886,0.8942,0.0063686733312362685,25
2,0.035129976272583005,0.0019977151865176825,0.005780220031738281,0.0007164241148947827,gini,24,60,2,"OrderedDict([('model__criterion', 'gini'), ('model__max_depth', 24), ('model__min_samples_leaf', 60), ('model__min_samples_split', 2)])",0.901,0.901,0.896,0.896,0.893,0.8974,0.003136877428271627,13
2,0.048790597915649415,0.0046488647478208425,0.006037378311157226,0.0014893207533084208,entropy,30,44,23,"OrderedDict([('model__criterion', 'entropy'), ('model__max_depth', 30), ('model__min_samples_leaf', 44), ('model__min_samples_split', 23)])",0.901,0.907,0.888,0.895,0.884,0.8950000000000001,0.008366600265340763,23
2,0.03525362014770508,0.0026090145725486237,0.0059910774230957035,0.0009616600617423563,gini,10,51,10,"OrderedDict([('model__criterion', 'gini'), ('model__max_depth', 10), ('model__min_samples_leaf', 51), ('model__min_samples_split', 10)])",0.901,0.903,0.893,0.895,0.891,0.8966000000000001,0.0046303347611160945,20
2,0.0405825138092041,0.002065559614449548,0.0055748939514160155,0.0008433293018157953,gini,10,21,60,"OrderedDict([('model__criterion', 'gini'), ('model__max_depth', 10), ('model__min_samples_leaf', 21), ('model__min_samples_split', 60)])",0.9,0.891,0.89,0.886,0.886,0.8906000000000001,0.005122499389946284,34
2,0.034598493576049806,0.0022206474153664882,0.0065098762512207035,0.0011869883597608393,entropy,14,60,32,"OrderedDict([('model__criterion', 'entropy'), ('model__max_depth', 14), ('model__min_samples_leaf', 60), ('model__min_samples_split', 32)])",0.905,0.907,0.893,0.895,0.89,0.898,0.0067527772064536595,1
2,0.037735795974731444,0.004363885993106789,0.005749368667602539,0.0005624044860736259,entropy,8,50,51,"OrderedDict([('model__criterion', 'entropy'), ('model__max_depth', 8), ('model__min_samples_leaf', 50), ('model__min_samples_split', 51)])",0.899,0.907,0.89,0.898,0.89,0.8968,0.0063686733312362685,18
2,0.042574310302734376,0.003664324031797563,0.006001186370849609,0.001282204579713978,entropy,30,1,60,"OrderedDict([('model__criterion', 'entropy'), ('model__max_depth', 30), ('model__min_samples_leaf', 1), ('model__min_samples_split', 60)])",0.887,0.898,0.894,0.879,0.881,0.8878,0.007304792947099876,41
2,0.035321950912475586,0.003213090176376571,0.006339406967163086,0.0015176688439498905,entropy,22,60,39,"OrderedDict([('model__criterion', 'entropy'), ('model__max_depth', 22), ('model__min_samples_leaf', 60), ('model__min_samples_split', 39)])",0.905,0.907,0.893,0.895,0.89,0.898,0.0067527772064536595,1
2,0.03480687141418457,0.003022346896719814,0.0072441577911376955,0.0024069244690485144,gini,30,53,2,"OrderedDict([('model__criterion', 'gini'), ('model__max_depth', 30), ('model__min_samples_leaf', 53), ('model__min_samples_split', 2)])",0.901,0.903,0.891,0.896,0.891,0.8964000000000001,0.004963869458396347,21
2,0.03609070777893066,0.0039186003507594245,0.005460309982299805,0.0005666238395042865,entropy,18,60,35,"OrderedDict([('model__criterion', 'entropy'), ('model__max_depth', 18), ('model__min_samples_leaf', 60), ('model__min_samples_split', 35)])",0.905,0.907,0.893,0.895,0.89,0.898,0.0067527772064536595,1
3,0.06260523796081544,0.004352733504391346,0.009431838989257812,0.0016870757020661514,gini,22,56,20,"OrderedDict([('model__criterion', 'gini'), ('model__max_depth', 22), ('model__min_samples_leaf', 56), ('model__min_samples_split', 20)])",0.816,0.844,0.826,0.814,0.833,0.8266,0.011092339699089647,43
3,0.07025246620178223,0.005252115629600617,0.007916498184204101,0.0010770541131975868,entropy,27,19,57,"OrderedDict([('model__criterion', 'entropy'), ('model__max_depth', 27), ('model__min_samples_leaf', 19), ('model__min_samples_split', 57)])",0.912,0.94,0.914,0.933,0.91,0.9218,0.012270289320142352,29
3,0.07114744186401367,0.0027883261846580075,0.007428598403930664,0.00033005186982914295,gini,28,7,27,"OrderedDict([('model__criterion', 'gini'), ('model__max_depth', 28), ('model__min_samples_leaf', 7), ('model__min_samples_split', 27)])",0.958,0.957,0.954,0.947,0.95,0.9532,0.004166533331199936,24
3,0.043389511108398435,0.0024654984642199437,0.00745697021484375,0.0002922200888564046,entropy,6,36,49,"OrderedDict([('model__criterion', 'entropy'), ('model__max_depth', 6), ('model__min_samples_leaf', 36), ('model__min_samples_split', 49)])",0.749,0.732,0.735,0.733,0.704,0.7305999999999999,0.014650597257449962,47
3,0.06013951301574707,0.004244561657129066,0.007156181335449219,0.0006300274971318225,entropy,14,32,44,"OrderedDict([('model__criterion', 'entropy'), ('model__max_depth', 14), ('model__min_samples_leaf', 32), ('model__min_samples_split', 44)])",0.852,0.847,0.842,0.894,0.855,0.858,0.01853645057717363,37
3,0.07591710090637208,0.005442853237116648,0.007325077056884765,0.00038943371574754154,entropy,28,11,13,"OrderedDict([('model__criterion', 'entropy'), ('model__max_depth', 28), ('model__min_samples_leaf', 11), ('model__min_samples_split', 13)])",0.945,0.969,0.948,0.957,0.955,0.9548,0.008352245207128448,22
3,0.06968421936035156,0.004735300536698,0.007436132431030274,0.0004531208817932907,entropy,23,22,53,"OrderedDict([('model__criterion', 'entropy'), ('model__max_depth', 23), ('model__min_samples_leaf', 22), ('model__min_samples_split', 53)])",0.904,0.935,0.918,0.921,0.905,0.9166000000000001,0.011429785649783648,31
3,0.06651387214660645,0.004547280929354577,0.007104682922363281,6.704293138337831e-05,entropy,28,30,51,"OrderedDict([('model__criterion', 'entropy'), ('model__max_depth', 28), ('model__min_samples_leaf', 30), ('model__min_samples_split', 51)])",0.896,0.921,0.902,0.9,0.896,0.9030000000000001,0.009295160030897809,33
3,0.06288933753967285,0.004206250381193149,0.009505844116210938,0.0024305604169413517,entropy,21,52,26,"OrderedDict([('model__criterion', 'entropy'), ('model__max_depth', 21), ('model__min_samples_leaf', 52), ('model__min_samples_split', 26)])",0.865,0.867,0.873,0.858,0.86,0.8646,0.005314132102234574,35
3,0.06534061431884766,0.004665338650803116,0.008479785919189454,0.0014211767600279782,gini,25,45,17,"OrderedDict([('model__criterion', 'gini'), ('model__max_depth', 25), ('model__min_samples_leaf', 45), ('model__min_samples_split', 17)])",0.821,0.837,0.856,0.833,0.875,0.8443999999999999,0.018990523952750766,42
3,0.08476595878601074,0.004818100550215309,0.007791852951049805,0.0003897062816709541,entropy,29,1,2,"OrderedDict([('model__criterion', 'entropy'), ('model__max_depth', 29), ('model__min_samples_leaf', 1), ('model__min_samples_split', 2)])",0.982,0.985,0.982,0.986,0.986,0.9841999999999999,0.0018330302779823377,2
3,0.07793235778808594,0.0064720052252963765,0.007955312728881836,0.00032391748563903784,entropy,20,1,2,"OrderedDict([('model__criterion', 'entropy'), ('model__max_depth', 20), ('model__min_samples_leaf', 1), ('model__min_samples_split', 2)])",0.955,0.973,0.969,0.983,0.986,0.9732,0.011034491379306987,15
3,0.08218636512756347,0.005682114954022234,0.008303546905517578,0.0007365493776982457,gini,30,1,2,"OrderedDict([('model__criterion', 'gini'), ('model__max_depth', 30), ('model__min_samples_leaf', 1), ('model__min_samples_split', 2)])",0.988,0.989,0.977,0.979,0.987,0.984,0.004979959839195497,3
3,0.08445782661437988,0.00425771645685301,0.008509111404418946,0.0017871870200682329,entropy,30,1,2,"OrderedDict([('model__criterion', 'entropy'), ('model__max_depth', 30), ('model__min_samples_leaf', 1), ('model__min_samples_split', 2)])",0.986,0.983,0.981,0.985,0.988,0.9846,0.0024166091947189165,1
3,0.08182382583618164,0.0062864930925572715,0.008147430419921876,0.0007442232093308988,entropy,24,1,2,"OrderedDict([('model__criterion', 'entropy'), ('model__max_depth', 24), ('model__min_samples_leaf', 1), ('model__min_samples_split', 2)])",0.983,0.982,0.979,0.984,0.987,0.983,0.0026076809620810618,8
3,0.08219799995422364,0.006729668663755262,0.011083984375,0.0016029397982243593,gini,21,1,2,"OrderedDict([('model__criterion', 'gini'), ('model__max_depth', 21), ('model__min_samples_leaf', 1), ('model__min_samples_split', 2)])",0.982,0.985,0.979,0.979,0.988,0.9826,0.0034985711369071833,9
3,0.08348593711853028,0.006207239190734415,0.009163427352905273,0.0017840061127699343,gini,25,1,2,"OrderedDict([('model__criterion', 'gini'), ('model__max_depth', 25), ('model__min_samples_leaf', 1), ('model__min_samples_split', 2)])",0.984,0.987,0.978,0.981,0.99,0.984,0.004242640687119289,3
3,0.07139840126037597,0.005799922269562697,0.009375572204589844,0.0012389698980231777,gini,12,1,12,"OrderedDict([('model__criterion', 'gini'), ('model__max_depth', 12), ('model__min_samples_leaf', 1), ('model__min_samples_split', 12)])",0.881,0.928,0.882,0.966,0.895,0.9103999999999999,0.03258588651548396,32
3,0.07797603607177735,0.004891564012461949,0.008909940719604492,0.0022221416501786344,gini,20,1,56,"OrderedDict([('model__criterion', 'gini'), ('model__max_depth', 20), ('model__min_samples_leaf', 1), ('model__min_samples_split', 56)])",0.954,0.97,0.949,0.95,0.957,0.9559999999999998,0.007563068160475622,21
3,0.030885601043701173,0.004303515435430769,0.008248424530029297,0.00046211043048501147,gini,1,2,8,"OrderedDict([('model__criterion', 'gini'), ('model__max_depth', 1), ('model__min_samples_leaf', 2), ('model__min_samples_split', 8)])",0.615,0.616,0.607,0.62,0.598,0.6112,0.007833262411026462,48
3,0.050511646270751956,0.004440104092361144,0.00972142219543457,0.0017977483289657072,gini,8,59,3,"OrderedDict([('model__criterion', 'gini'), ('model__max_depth', 8), ('model__min_samples_leaf', 59), ('model__min_samples_split', 3)])",0.752,0.753,0.754,0.797,0.729,0.757,0.0220635445928346,46
3,0.06702709197998047,0.002808910828563081,0.009285497665405273,0.0014652558597006823,entropy,30,59,13,"OrderedDict([('model__criterion', 'entropy'), ('model__max_depth', 30), ('model__min_samples_leaf', 59), ('model__min_samples_split', 13)])",0.857,0.847,0.847,0.856,0.865,0.8544,0.0068000000000000066,38
3,0.08222637176513672,0.0034511536613425144,0.009218406677246094,0.00037064970986560783,entropy,30,2,59,"OrderedDict([('model__criterion', 'entropy'), ('model__max_depth', 30), ('model__min_samples_leaf', 2), ('model__min_samples_split', 59)])",0.965,0.961,0.948,0.963,0.948,0.9570000000000001,0.0074565407529229065,19
3,0.07320318222045899,0.005790828152667805,0.008948230743408203,0.0013598098482344046,entropy,14,1,4,"OrderedDict([('model__criterion', 'entropy'), ('model__max_depth', 14), ('model__min_samples_leaf', 1), ('model__min_samples_split', 4)])",0.917,0.899,0.911,0.973,0.925,0.925,0.025455844122715694,28
3,0.07563676834106445,0.004476358124147812,0.008121967315673828,0.0004950615142195155,gini,30,1,55,"OrderedDict([('model__criterion', 'gini'), ('model__max_depth', 30), ('model__min_samples_leaf', 1), ('model__min_samples_split', 55)])",0.955,0.963,0.949,0.95,0.957,0.9548,0.005075431016179813,22
3,0.07973484992980957,0.0036785242116750515,0.009963560104370116,0.001611136317577346,gini,17,1,5,"OrderedDict([('model__criterion', 'gini'), ('model__max_depth', 17), ('model__min_samples_leaf', 1), ('model__min_samples_split', 5)])",0.969,0.981,0.962,0.975,0.975,0.9724,0.006437390775772439,16
3,0.07812094688415527,0.00544158343282431,0.008018302917480468,0.0007210672855327864,entropy,17,1,55,"OrderedDict([('model__criterion', 'entropy'), ('model__max_depth', 17), ('model__min_samples_leaf', 1), ('model__min_samples_split', 55)])",0.941,0.934,0.949,0.964,0.931,0.9437999999999999,0.011855800268223114,25
3,0.08545088768005371,0.005226549148267574,0.007858037948608398,0.0008059915308097364,gini,28,1,2,"OrderedDict([('model__criterion', 'gini'), ('model__max_depth', 28), ('model__min_samples_leaf', 1), ('model__min_samples_split', 2)])",0.983,0.987,0.981,0.977,0.99,0.9836,0.004543126676640223,6
3,0.029631567001342774,0.0021520636230234085,0.010963773727416993,0.0020356754110309673,gini,1,60,57,"OrderedDict([('model__criterion', 'gini'), ('model__max_depth', 1), ('model__min_samples_leaf', 60), ('model__min_samples_split', 57)])",0.615,0.616,0.607,0.62,0.598,0.6112,0.007833262411026462,48
3,0.08122839927673339,0.007060634507955859,0.008141422271728515,0.000378807901881424,entropy,23,1,49,"OrderedDict([('model__criterion', 'entropy'), ('model__max_depth', 23), ('model__min_samples_leaf', 1), ('model__min_samples_split', 49)])",0.959,0.973,0.964,0.965,0.957,0.9635999999999999,0.005571355310873652,17
3,0.07676315307617188,0.0037054792730436764,0.007826995849609376,0.0002749136558012705,gini,17,19,2,"OrderedDict([('model__criterion', 'gini'), ('model__max_depth', 17), ('model__min_samples_leaf', 19), ('model__min_samples_split', 2)])",0.919,0.935,0.917,0.926,0.911,0.9216000000000001,0.008236504112789608,30
3,0.03137564659118652,0.002588278753571459,0.009781169891357421,0.0013107669466232675,entropy,1,58,4,"OrderedDict([('model__criterion', 'entropy'), ('model__max_depth', 1), ('model__min_samples_leaf', 58), ('model__min_samples_split', 4)])",0.615,0.616,0.607,0.62,0.598,0.6112,0.007833262411026462,48
3,0.09133210182189941,0.0053145405229097446,0.008891153335571288,0.0014152824666701965,entropy,27,1,8,"OrderedDict([('model__criterion', 'entropy'), ('model__max_depth', 27), ('model__min_samples_leaf', 1), ('model__min_samples_split', 8)])",0.982,0.981,0.979,0.988,0.983,0.9826,0.0030066592756745844,9
3,0.090031099319458,0.007348961707431301,0.008085107803344727,0.00102434109713631,entropy,26,1,2,"OrderedDict([('model__criterion', 'entropy'), ('model__max_depth', 26), ('model__min_samples_leaf', 1), ('model__min_samples_split', 2)])",0.985,0.981,0.981,0.985,0.987,0.9837999999999999,0.002400000000000002,5
3,0.06578078269958496,0.0050712741347362115,0.009897089004516602,0.0029688633539469212,entropy,14,60,60,"OrderedDict([('model__criterion', 'entropy'), ('model__max_depth', 14), ('model__min_samples_leaf', 60), ('model__min_samples_split', 60)])",0.848,0.839,0.836,0.853,0.862,0.8475999999999999,0.009436100889668368,41
3,0.06083221435546875,0.002863220830537264,0.008431196212768555,0.0012128151630792403,gini,30,59,60,"OrderedDict([('model__criterion', 'gini'), ('model__max_depth', 30), ('model__min_samples_leaf', 59), ('model__min_samples_split', 60)])",0.82,0.844,0.817,0.803,0.831,0.8230000000000001,0.013784048752090203,44
3,0.07239561080932617,0.003176412694194084,0.010084962844848633,0.002521913105825843,gini,30,25,2,"OrderedDict([('model__criterion', 'gini'), ('model__max_depth', 30), ('model__min_samples_leaf', 25), ('model__min_samples_split', 2)])",0.908,0.905,0.888,0.899,0.911,0.9022,0.00813387976306511,34
3,0.07859845161437988,0.005978043151866271,0.008970499038696289,0.001313560336137046,gini,16,1,57,"OrderedDict([('model__criterion', 'gini'), ('model__max_depth', 16), ('model__min_samples_leaf', 1), ('model__min_samples_split', 57)])",0.932,0.964,0.919,0.949,0.939,0.9405999999999999,0.01523942256123896,26
3,0.0856668472290039,0.005530880293434928,0.009011983871459961,0.0026130229404902642,gini,24,1,16,"OrderedDict([('model__criterion', 'gini'), ('model__max_depth', 24), ('model__min_samples_leaf', 1), ('model__min_samples_split', 16)])",0.981,0.982,0.971,0.972,0.982,0.9776,0.005003998401278726,13
3,0.06912860870361329,0.005300370146336478,0.008451747894287109,0.0014864370276865145,entropy,25,60,55,"OrderedDict([('model__criterion', 'entropy'), ('model__max_depth', 25), ('model__min_samples_leaf', 60), ('model__min_samples_split', 55)])",0.856,0.839,0.846,0.855,0.862,0.8516,0.008114185110040325,39
3,0.0590970516204834,0.004948529800789325,0.008821773529052734,0.0008915267435845424,entropy,8,2,58,"OrderedDict([('model__criterion', 'entropy'), ('model__max_depth', 8), ('model__min_samples_leaf', 2), ('model__min_samples_split', 58)])",0.791,0.774,0.799,0.802,0.767,0.7866,0.013807244475274576,45
3,0.0845921516418457,0.0013909689264941611,0.009091901779174804,0.0017363615311397742,gini,26,1,55,"OrderedDict([('model__criterion', 'gini'), ('model__max_depth', 26), ('model__min_samples_leaf', 1), ('model__min_samples_split', 55)])",0.954,0.97,0.949,0.952,0.957,0.9564,0.007282856582413256,20
3,0.0673753261566162,0.0067513302541539,0.00925145149230957,0.0010529568030894954,gini,16,44,60,"OrderedDict([('model__criterion', 'gini'), ('model__max_depth', 16), ('model__min_samples_leaf', 44), ('model__min_samples_split', 60)])",0.829,0.843,0.873,0.833,0.88,0.8516,0.02095328136593409,39
3,0.08026199340820313,0.0029398175817455263,0.007405233383178711,0.0002445310678040769,gini,23,9,3,"OrderedDict([('model__criterion', 'gini'), ('model__max_depth', 23), ('model__min_samples_leaf', 9), ('model__min_samples_split', 3)])",0.97,0.97,0.964,0.943,0.949,0.9592,0.011160645142642974,18
3,0.08855710029602051,0.003256628434230684,0.009685134887695313,0.0023552842413727135,entropy,30,1,26,"OrderedDict([('model__criterion', 'entropy'), ('model__max_depth', 30), ('model__min_samples_leaf', 1), ('model__min_samples_split', 26)])",0.976,0.977,0.967,0.979,0.974,0.9746,0.004127953488110062,14
3,0.07876429557800294,0.004259772008959098,0.007463264465332031,0.00014499358016133355,entropy,20,16,2,"OrderedDict([('model__criterion', 'entropy'), ('model__max_depth', 20), ('model__min_samples_leaf', 16), ('model__min_samples_split', 2)])",0.916,0.948,0.937,0.953,0.94,0.9388,0.012734205903785253,27
3,0.06560683250427246,0.0036918752854485167,0.009832143783569336,0.002134864697295884,entropy,15,55,3,"OrderedDict([('model__criterion', 'entropy'), ('model__max_depth', 15), ('model__min_samples_leaf', 55), ('model__min_samples_split', 3)])",0.865,0.865,0.85,0.858,0.86,0.8596,0.005535341001239224,36
3,0.08304796218872071,0.0034082979407785057,0.00791482925415039,0.00027529169908356284,gini,23,1,3,"OrderedDict([('model__criterion', 'gini'), ('model__max_depth', 23), ('model__min_samples_leaf', 1), ('model__min_samples_split', 3)])",0.977,0.985,0.978,0.979,0.992,0.9822,0.005635601121442153,11
3,0.09164791107177735,0.003109938125229878,0.00894784927368164,0.0016944126116332106,entropy,27,1,2,"OrderedDict([('model__criterion', 'entropy'), ('model__max_depth', 27), ('model__min_samples_leaf', 1), ('model__min_samples_split', 2)])",0.984,0.981,0.977,0.987,0.988,0.9833999999999999,0.00402988833592198,7
3,0.08377532958984375,0.0027513367645943788,0.008645582199096679,0.0011395077088973363,gini,20,1,4,"OrderedDict([('model__criterion', 'gini'), ('model__max_depth', 20), ('model__min_samples_leaf', 1), ('model__min_samples_split', 4)])",0.98,0.983,0.978,0.979,0.99,0.982,0.004335896677735764,12
